{
  "project_info": {
    "project_number": "767742649360",
    "firebase_url": "https://greenlightkazi.firebaseio.com",
    "project_id": "greenlightkazi",
    "storage_bucket": "greenlightkazi.appspot.com"
  },
  "client": [
    {
      "client_info": {
        "mobilesdk_app_id": "1:767742649360:android:121f7fb3e51bd97e",
        "android_client_info": {
          "package_name": "com.greenlightplanet.kazi"
        }
      },
      "oauth_client": [
        {
          "client_id": "767742649360-3p0pat53tibvanteneg4td4ta3fvj9pm.apps.googleusercontent.com",
          "client_type": 1,
          "android_info": {
            "package_name": "com.greenlightplanet.kazi",
            "certificate_hash": "9c605f5a143b441ffbd666b39f4d2e69d6d79724"
          }
        },
        {
          "client_id": "767742649360-6oo3ao8o1ti0iegre1vdfcjfogcsk729.apps.googleusercontent.com",
          "client_type": 3
        }
      ],
      "api_key": [
        {
          "current_key": "AIzaSyDFzYf13d3cDQMFf9NZ_KKw9mwG_KChKDs"
        }
      ],
      "services": {
        "analytics_service": {
          "status": 1
        },
        "appinvite_service": {
          "status": 2,
          "other_platform_oauth_client": [
            {
              "client_id": "767742649360-6oo3ao8o1ti0iegre1vdfcjfogcsk729.apps.googleusercontent.com",
              "client_type": 3
            }
          ]
        },
        "ads_service": {
          "status": 2
        }
      }
    }
  ],
  "configuration_version": "1"
}